name,brand,price,category,description,photo,url
"Huawei MateBook D 15.6" i5-8250U/16GB/480+1TB/Win10 MX150",Huawei,3299,"Notebooki / Laptopy 15,6"","<div class="row text-left fresh-content">
					<div class="col-md-2 text-center">
						<img alt="laptop" class="ico" src="https://allegro.stati.pl/AllegroIMG/SZABLON/ICONS/laptop.svg"></div>
					<div class="col-md-10">
						<h2 class="text-left">
							Odkryj laptop uniwersalny HUAWEI MateBook D w 360 stopniach</h2>
						<h2 class="text-left">
							<small>Pełnia wydajności w minimalnej formie</small></h2>
						<p>
							HUAWEI MateBook D wyposażony został w 15,6-calowy ekran, który dzięki matrycy IPS pozwala cieszyć się wysoką jakością wyświetlanego obrazu w rozdzielczości Full HD. Dodatkowo matowa powłoka zadba o idealne warunki pracy nawet w nasłonecznionych miejscach. Procesor Intel Core 8. generacji sprawdzi się zarówno do użytku domowego, jak i do realizacji bardziej zaawansowanych zadań.</p>
						<p>
							Sprawdź, jak HUAWEI MateBook D wygląda w rzeczywistości. Chwyć zdjęcie poniżej i przeciągnij je w lewo lub prawo aby obrócić produkt lub skorzystaj z przycisków nawigacyjnych.</p>
					</div>
				</div><div class="row text-left fresh-content">
					<div class="col-md-2 text-center">
						<img alt="procesor" class="ico" src="https://allegro.stati.pl/AllegroIMG/SZABLON/ICONS/procesor.svg"></div>
					<div class="col-md-10">
						<h2 class="text-left">
							Procesor Intel Core i5 ósmej generacji<br>
							<small>Wydajność do realizacji wymagających zadań</small></h2>
						<p>
							Działaj z maksymalną wydajnością, dzięki mocy procesora Intel Core i5 ósmej generacji. Wprowadza technologię Intel Turbo Boost 2.0, która w inteligentny sposób podnosi taktowanie zegarów, zwiększając natychmiast wydajność CPU oraz dynamikę pracy laptopa. Tworzenie, edycja oraz udostępnianie multimediów, jak i obrazów sferycznych stanie się prostsze i mniej czasochłonne. Zamiast czekać – pracuj. Rób także zakupy w sieci, korzystając z zaawansowanych zabezpieczeń firmy Intel.</p>
						<img alt="HUAWEI MateBook D i5 ósmej generacji" src="https://allegro.stati.pl/AllegroIMG/PRODUCENCI/HUAWEI/MateBook-D/a1.jpg"></div>
				</div><div class="row text-left fresh-content">
					<div class="col-md-2 text-center">
						<img alt="karta graficzna" class="ico" src="https://allegro.stati.pl/AllegroIMG/SZABLON/ICONS/kartagraficzna.svg"></div>
					<div class="col-md-10">
						<h2 class="text-left">
							Zobacz więcej dzięki grafice NVIDIA GeForce MX150<br>
							<small>Doskonałe efekty graficzne</small></h2>
						<p>
							Komputer posiada dedykowaną kartę graficzna NVIDIA GeForce, która zapewnia płynną, szczegółową i realistyczną grafikę w jakości HD. Graj w nowe gry, ciesząc się płynnym wyświetlaniem obrazu w pełnej rozdzielczości HD i z wieloma efektami, jakie zapewnia obsługa bibliotek multimedialnych DirectX 12.</p>
						<img alt="HUAWEI MateBook D NVIDIA GeForce MX150" src="https://allegro.stati.pl/AllegroIMG/PRODUCENCI/HUAWEI/MateBook-D/a2.jpg"></div>
				</div><div class="row text-left fresh-content">
					<div class="col-md-2 text-center">
						<img alt="test kart graficznych" class="ico" src="https://allegro.stati.pl/AllegroIMG/SZABLON/ICONS/testgrafika.svg"></div>
					<div class="col-md-10">
						<h2 class="text-left">
							Poznaj moc karty graficznej GeForce MX150<br>
							<small>Osiągi potwierdzone testami</small></h2>
						<p>
							Płynność rozgrywki definiuje karta graficzna, dlatego tak ważny jest wybór wydajnego układu o dużej mocy. Karta graficzna GeForce MX150 zainstalowana w powyższym laptopie zapewnia o 8% wyższą wydajność, w porównaniu do innych popularnych układów graficznych. Wybieraj kartę graficzną świadomie i graj tak, jak lubisz.</p>
						<img class="hidden-xs" src="https://allegro.stati.pl//AllegroIMG/SZABLON/WYKRESY/GRAFIKA/laptopy/3dmark_firestrike/MX150-lg.png"> <img class="hidden-lg hidden-md hidden-sm" src="https://allegro.stati.pl//AllegroIMG/SZABLON/WYKRESY/GRAFIKA/laptopy/3dmark_firestrike/MX150-xs.png"></div>
				</div><div class="row text-left fresh-content">
					<div class="col-md-2 text-center">
						<img alt="matowy ekran" class="ico" src="https://allegro.stati.pl/AllegroIMG/SZABLON/ICONS/matowyekran.svg"></div>
					<div class="col-md-10">
						<h2 class="text-left">
							Matowa matryca<br>
							<small>Wygoda korzystania nawet w ostrym słońcu</small></h2>
						<p>
							Irytuje Cię fakt, że na ekranie monitora lepiej widzisz swoją twarz niż swój ulubiony film? Zmień to i zdecyduj się na notebooka z matową matrycą która zapewni doskonałe warunki pracy – nawet w nasłonecznionych miejscach. Pracujesz wiele godzin przed ekranem komputera? Przekonaj się, że matowa matryca mniej męczy wzrok.</p>
						<img class="hidden-xs" src="https://allegro.stati.pl/AllegroIMG/SZABLON/POZOSTALE/matowy-lg.png"> <img class="hidden-lg hidden-md hidden-sm" src="https://allegro.stati.pl/AllegroIMG/SZABLON/POZOSTALE/matowy-xs.png"></div>
				</div><div class="row text-left fresh-content">
					<div class="col-md-2 text-center">
						<img alt="precyzja" class="ico" src="https://allegro.stati.pl/AllegroIMG/SZABLON/ICONS/precyzja.svg"></div>
					<div class="col-md-10">
						<h2 class="text-left">
							Precyzyjne wykonanie<br>
							<small>Jakość diamentu</small></h2>
						<p>
							Technika wykończenia diamentowym szlifem sprawia, że panel dotykowy i przycisk zasilania w HUAWEI MateBook D zyskują niesamowity wygląd, którym możesz cieszyć się każdego dnia.</p>
						<img alt="HUAWEI MateBook D Jakość diamentu" src="https://allegro.stati.pl/AllegroIMG/PRODUCENCI/HUAWEI/MateBook-D/a4.jpg"></div>
				</div><div class="row text-left fresh-content">
					<div class="col-md-2 text-center">
						<img alt="IPS" class="ico" src="https://allegro.stati.pl/AllegroIMG/SZABLON/ICONS/IPS.svg"></div>
					<div class="col-md-10">
						<h2 class="text-left">
							Technologia IPS<br>
							<small>Ekran Full HD</small></h2>
						<p>
							HUAWEI MateBook D jest wyposażony w ekran IPS Full HD i technologię Supreme Sound, które wprowadzają nowy wymiar rozrywki i grania nieosiągalny dla konkurencji. Znajdź się w centrum wydarzeń. 15,6-calowy ekran IPS, rozdzielczość 1920 x 1080, kąty patrzenia 178 stopni, współczynnik kształtu obrazu 16:9. Filmy, zdjęcia. Wszystko stało się bardziej żywe.</p>
						<img alt="HUAWEI MateBook D Technologia IPS" src="https://allegro.stati.pl/AllegroIMG/PRODUCENCI/HUAWEI/MateBook-D/a5.jpg"></div>
				</div><div class="row text-left fresh-content">
					<div class="col-md-2 text-center">
						<img alt="głośniki stereo" class="ico" src="https://allegro.stati.pl/AllegroIMG/SZABLON/ICONS/glosnikistereo.svg"></div>
					<div class="col-md-10">
						<h2 class="text-left">
							Dolby Atmos<br>
							<small>Niesamowity dźwięk</small></h2>
						<p>
							Technologia Dolby Atmos® Sound System. Niesamowitą jakość zapewnia czysty, naturalny i przestrzenny dźwięk, sprawiając że poczujesz się jak w centrum wydarzeń. Dźwięk ożywa bogactwem detali.</p>
						<img alt="HUAWEI MateBook D Dolby Atmos" src="https://allegro.stati.pl/AllegroIMG/PRODUCENCI/HUAWEI/MateBook-D/a6.jpg"></div>
				</div><div class="row text-left fresh-content">
					<div class="col-md-2 text-center">
						<img class="ico" src="https://allegro.stati.pl/AllegroIMG/SZABLON/ICONS/klip.svg"></div>
					<div class="col-md-10">
						<h2 class="text-left">
							Dokonaj najlepszego wyboru</h2>
						<p>
							Zobacz film ukazujący zalety i najdrobniejsze szczegóły laptopa Huawei MateBook D. Dowiedz się więcej i poznaj najważniejsze cechy, oglądając poniższy materiał wideo.</p>
						<div class="video-container" style="position:relative;padding-bottom:56.25%; background: none; margin: 30px 0 40px 0;height:0;overflow:hidden;border-radius: 30px">
							<div class="embed-responsive embed-responsive-16by9">
								<iframe class="embed-responsive-item" src="https://www.youtube.com/embed/ok6__T9hZ20" style="position:absolute;top:0;left:0;width:100%;height:100%;border:none;"></iframe></div>
						</div>
						<p style="font-size: 11px;">
							*Specyfikacja może się różnić w zależności od modelu i/lub regionu.</p>
					</div>
				</div>","https://cdn.x-kom.pl/i/setup/images/prod/big/product-new-big,,2018/4/pr_2018_4_26_8_43_35_776_00.jpg",https://www.x-kom.pl/p/476601-notebook-laptop-156-huawei-matebook-d-156-i5-8250u-16gb-4801tb-win10-mx150.html
"Apple MacBook Pro i5 1,4GHz/8GB/128/Iris645 Space Gray ",Apple,5699,"Notebooki / Laptopy 13,3"","<div class="row text-center fresh-content">
	<div class="col-md-12">
		<div class="row text-center">
			<div class="col-md-12">
				<div class="row text-left fresh-content">
					<div class="col-md-2 text-center">
						<img alt="ikona" class="ico" src="https://allegro.stati.pl/AllegroIMG/SZABLON/ICONS/laptop.svg"></div>
					<div class="col-md-10">
						<h2 class="text-left">
							Odkryj Apple MacBook Pro w 360 stopniach</h2>
						<p>
							Moc i mobilność – MacBook Pro wyraźnie podnosi tu poprzeczkę. Teraz możesz jeszcze szybciej realizować swoje pomysły. Pomogą Ci w tym wydajny procesor i układ pamięci, zintegrowana grafika, błyskawicznie działająca pamięć masowa i inne doskonałe rozwiązania.</p>
						<p>
							Sprawdź, jak produkt wygląda w rzeczywistości. Chwyć zdjęcie poniżej i przeciągnij je w lewo lub prawo aby obrócić produkt lub skorzystaj z przycisków nawigacyjnych.</p>
						<div class="ov360">
							<div id="orbitvu">
								 </div>
						</div>
						<template><script type="text/javascript" src="https://blob.stati.pl/ov360/orbitvu12/swfobject.js">
</script></template><template><script type="text/javascript" src="https://blob.stati.pl/ov360/orbitvu12/orbitvu.js">
</script></template><template><script type="text/javascript">

        inject_orbitvu('orbitvu', 'https://blob.stati.pl/ov360/orbitvu12/orbitvuer12.swf', 'https://blob.stati.pl/ov360/orbitvu12/expressInstall.swf', {
            ovus_folder: "https://xkomstati.blob.core.windows.net/ov360/Systems/Apple/MUHN2ZE_A-2/",
            width: "100%",
            content2: 'yes',
            height: "100%"
        });
</script></template></div>
				</div>
			</div>
		</div>
	</div>
</div><div class="row text-left fresh-content">
					<div class="col-md-2 text-center">
						<img alt="ikona" class="ico" src="https://allegro.stati.pl/AllegroIMG/SZABLON/ICONS/laptop.svg"></div>
					<div class="col-md-10">
						<h2 class="text-left">
							Odkryj Apple MacBook Pro w 360 stopniach</h2>
						<p>
							Moc i mobilność – MacBook Pro wyraźnie podnosi tu poprzeczkę. Teraz możesz jeszcze szybciej realizować swoje pomysły. Pomogą Ci w tym wydajny procesor i układ pamięci, zintegrowana grafika, błyskawicznie działająca pamięć masowa i inne doskonałe rozwiązania.</p>
						<p>
							Sprawdź, jak produkt wygląda w rzeczywistości. Chwyć zdjęcie poniżej i przeciągnij je w lewo lub prawo aby obrócić produkt lub skorzystaj z przycisków nawigacyjnych.</p>
						<div class="ov360">
							<div id="orbitvu">
								 </div>
						</div>
						<template><script type="text/javascript" src="https://blob.stati.pl/ov360/orbitvu12/swfobject.js">
</script></template><template><script type="text/javascript" src="https://blob.stati.pl/ov360/orbitvu12/orbitvu.js">
</script></template><template><script type="text/javascript">

        inject_orbitvu('orbitvu', 'https://blob.stati.pl/ov360/orbitvu12/orbitvuer12.swf', 'https://blob.stati.pl/ov360/orbitvu12/expressInstall.swf', {
            ovus_folder: "https://xkomstati.blob.core.windows.net/ov360/Systems/Apple/MUHN2ZE_A-2/",
            width: "100%",
            content2: 'yes',
            height: "100%"
        });
</script></template></div>
				</div><div class="row text-left fresh-content">
					<div class="col-md-2 text-center">
						<img alt="procesor" class="ico" src="https://allegro.stati.pl/AllegroIMG/SZABLON/ICONS/procesor.svg"></div>
					<div class="col-md-10">
						<h2 class="text-left">
							Rdzennie potężniejszy</h2>
						<p>
							MacBook Pro z najnowszymi procesorami Intel Core wznosi się na nowe poziomy mocy obliczeniowej. Wersja 13-calowa spokojnie radzi sobie z najtrudniejszymi zadaniami. Więc nieważne, jak wymagającą masz pracę, czy kompilujesz kod, czy miksujesz wiele ścieżek, wszystko pójdzie bezproblemowo. I dużo szybciej.</p>
						<img alt="Procesor" src="https://allegro.stati.pl/AllegroIMG/PRODUCENCI/APPLE/MacBook-Pro-2019/Pro-13/02-obudowa.jpg"></div>
				</div><div class="row text-left fresh-content">
					<div class="col-md-2 text-center">
						<img alt="grafika zintegrowana" class="ico" src="https://allegro.stati.pl/AllegroIMG/SZABLON/ICONS/grafikazintegrowana.svg"></div>
					<div class="col-md-10">
						<h2 class="text-left">
							Moc grafiki. Moc wrażeń</h2>
						<p>
							Model 13-calowy został wyposażony w zaawansowany zintegrowany układ graficzny, jest o wiele bardziej wydajniejszy niż układ poprzedniej generacji. Co to wszystko znaczy? Mniej czasu poświęcasz na czekanie, a masz go więcej na twórczą pracę.</p>
						<img alt="zintegrowana grafika" src="https://allegro.stati.pl/AllegroIMG/PRODUCENCI/APPLE/MacBook-Pro-2019/Pro-13/03-porty.jpg"></div>
				</div><div class="row text-left fresh-content">
					<div class="col-md-2 text-center">
						<img alt="monitor" class="ico" src="https://allegro.stati.pl/AllegroIMG/SZABLON/ICONS/monitor.svg"></div>
					<div class="col-md-10">
						<h2 class="text-left">
							Cieszy oczy</h2>
						<p>
							Żaden notebook Mac nie miał tak doskonałego wyświetlacza jak Retina w MacBooku Pro. Dzięki mocnemu podświetleniu LED i wysokiemu kontrastowi czerń jest głębsza, a biel jaśniejsza. Szeroka gama kolorów P3 pozwala wyświetlać intensywniejsze odcienie zieleni i czerwieni w porównaniu z gamą sRGB. Do tego każdy MacBook Pro ma technologię True Tone. Balans bieli zmienia się automatycznie zależnie od temperatury barw otoczenia, by obraz na wyświetlaczu wyglądał naturalniej.</p>
						<img alt="ekran retina" src="https://allegro.stati.pl/AllegroIMG/PRODUCENCI/APPLE/MacBook-Pro-2019/Pro-13/04-ekran.jpg"></div>
				</div><div class="row text-left fresh-content">
					<div class="col-md-2 text-center">
						<img alt="dotykowy ekran" class="ico" src="https://allegro.stati.pl/AllegroIMG/SZABLON/ICONS/dotykowyekran.svg"></div>
					<div class="col-md-10">
						<h2 class="text-left">
							Touch Bar</h2>
						<p>
							Touch Bar – teraz w każdym modelu MacBooka Pro – zastępuje klawisze funkcyjne u góry klawiatury, dodając wszechstronności i funkcjonalności. Automatycznie dostosowuje się do Twoich działań, podsuwając intuicyjne narzędzia, których w danej chwili potrzebujesz – m.in. regulatory głośności i jasności, interaktywne funkcje modyfikowania lub przeglądania treści czy inteligentne opcje klawiaturowe, takie jak emoji i przewidywanie tekstu.</p>
						<img alt="touch bar" src="https://allegro.stati.pl/AllegroIMG/PRODUCENCI/APPLE/MacBook-Pro-2019/Pro-13/05-touch-bar.jpg"></div>
				</div><div class="row text-left fresh-content">
					<div class="col-md-2 text-center">
						<img alt="Czytnik linii papilarnych" class="ico" src="https://allegro.stati.pl/AllegroIMG/SZABLON/ICONS/czytnikliniipapilarnych.svg"></div>
					<div class="col-md-10">
						<h2 class="text-left">
							Touch ID</h2>
						<p>
							Dzięki Touch ID odblokujesz MacBooka Pro błyskawicznie. Możesz też bezpiecznie zrobić zakupy w internecie przy użyciu Apple Pay, szybko dostać się do ustawień systemu i zablokowanych notatek, a nawet przełączyć użytkowników. Jednym dotknięciem.</p>
						<img alt="czytnik linii papilarnych" src="https://allegro.stati.pl/AllegroIMG/PRODUCENCI/APPLE/MacBook-Pro-2019/Pro-13/06-czytnik-linii-papilarnych.jpg"></div>
				</div><div class="row text-left fresh-content">
					<div class="col-md-2 text-center">
						<img alt="bezpieczeństwo ochrona" class="ico" src="https://allegro.stati.pl/AllegroIMG/SZABLON/ICONS/bezpieczenstwo.svg"></div>
					<div class="col-md-10">
						<h2 class="text-left">
							Czip Apple T2 Security</h2>
						<p>
							Każdy MacBook Pro jest wyposażony w czip Apple T2 Security – zaprojektowany przez Apple specjalnie dla komputerów Mac układ drugiej generacji, dzięki któremu komputer jest jeszcze bezpieczniejszy. Czip zawiera koprocesor Secure Enclave, który jest fundamentem bezpiecznego uruchamiania systemu i szyfrowania pamięci masowej.</p>
						<img alt="ochrona danych" src="https://allegro.stati.pl/AllegroIMG/PRODUCENCI/APPLE/MacBook-Pro-2019/Pro-13/07-klawiatura.jpg"></div>
				</div>","https://cdn.x-kom.pl/i/setup/images/prod/big/product-new-big,,2019/7/pr_2019_7_23_9_57_38_332_04.jpg",https://www.x-kom.pl/p/506294-notebook-laptop-133-apple-macbook-pro-i5-14ghz-8gb-128-iris645-space-gray.html
ASUS VivoBook 15 R564UA i5-8250U/8GB/256/Win10,ASUS,2599,"Notebooki / Laptopy 15,6"","<div class="row text-center fresh-content">
	<div class="col-md-12">
		<div class="row text-left fresh-content">
			<div class="col-md-2 text-center">
				<img alt="ikona" class="ico" src="https://allegro.stati.pl/AllegroIMG/SZABLON/ICONS/laptop.svg"></div>
			<div class="col-md-10">
				<h2 class="text-left">
					Odkryj laptop uniwersalny ASUS VivoBook 15 w 360 stopniach</h2>
				<h2 class="text-left">
					<small>Niesamowita wydajność</small></h2>
				<p>
					Laptopy ASUS VivoBook 15 R564UA to połączenie nowoczesnych technologicznych rozwiązań z elegancki designem. Lekka, wytrzymała obudowa przyciąga wzrok swoją ciekawą estetyką, a starannie dobrane komponenty tworzą zgraną całość, która daje o sobie znać wysoką wydajnością. O satysfakcjonują mobilność dba pojemna, świetnie zoptymalizowana bateria, a matowa powłoka 15,6 -calowego ekranu Full HD zadba o idealne warunki pracy nawet w nasłonecznionych miejscach.</p>
				<p>
					Sprawdź, jak Laptop ASUS VivoBook 15 wygląda w rzeczywistości. Chwyć zdjęcie poniżej i przeciągnij je w lewo lub prawo, aby obrócić produkt, lub skorzystaj z przycisków nawigacyjnych.</p>
				<div class="ov360">
					<div id="orbitvu">
						 </div>
				</div>
				<template><script type="text/javascript" src="https://blob.stati.pl/ov360/orbitvu12/swfobject.js">
</script></template><template><script type="text/javascript" src="https://blob.stati.pl/ov360/orbitvu12/orbitvu.js">
</script></template><template><script type="text/javascript">

        inject_orbitvu('orbitvu', 'https://blob.stati.pl/ov360/orbitvu12/orbitvuer12.swf', 'https://blob.stati.pl/ov360/orbitvu12/expressInstall.swf', {
            ovus_folder: "https://xkomstati.blob.core.windows.net/ov360/Systems/Asus/R564UA-EJ122/",
            width: "100%",
            content2: 'yes',
            height: "100%"
        });
</script></template></div>
		</div>
	</div>
</div><div class="row text-left fresh-content">
			<div class="col-md-2 text-center">
				<img alt="ikona" class="ico" src="https://allegro.stati.pl/AllegroIMG/SZABLON/ICONS/laptop.svg"></div>
			<div class="col-md-10">
				<h2 class="text-left">
					Odkryj laptop uniwersalny ASUS VivoBook 15 w 360 stopniach</h2>
				<h2 class="text-left">
					<small>Niesamowita wydajność</small></h2>
				<p>
					Laptopy ASUS VivoBook 15 R564UA to połączenie nowoczesnych technologicznych rozwiązań z elegancki designem. Lekka, wytrzymała obudowa przyciąga wzrok swoją ciekawą estetyką, a starannie dobrane komponenty tworzą zgraną całość, która daje o sobie znać wysoką wydajnością. O satysfakcjonują mobilność dba pojemna, świetnie zoptymalizowana bateria, a matowa powłoka 15,6 -calowego ekranu Full HD zadba o idealne warunki pracy nawet w nasłonecznionych miejscach.</p>
				<p>
					Sprawdź, jak Laptop ASUS VivoBook 15 wygląda w rzeczywistości. Chwyć zdjęcie poniżej i przeciągnij je w lewo lub prawo, aby obrócić produkt, lub skorzystaj z przycisków nawigacyjnych.</p>
				<div class="ov360">
					<div id="orbitvu">
						 </div>
				</div>
				<template><script type="text/javascript" src="https://blob.stati.pl/ov360/orbitvu12/swfobject.js">
</script></template><template><script type="text/javascript" src="https://blob.stati.pl/ov360/orbitvu12/orbitvu.js">
</script></template><template><script type="text/javascript">

        inject_orbitvu('orbitvu', 'https://blob.stati.pl/ov360/orbitvu12/orbitvuer12.swf', 'https://blob.stati.pl/ov360/orbitvu12/expressInstall.swf', {
            ovus_folder: "https://xkomstati.blob.core.windows.net/ov360/Systems/Asus/R564UA-EJ122/",
            width: "100%",
            content2: 'yes',
            height: "100%"
        });
</script></template></div>
		</div><div class="row text-left fresh-content">
					<div class="col-md-2 text-center">
						<img alt="kompaktowy rozmiar" class="ico" src="https://allegro.stati.pl/AllegroIMG/SZABLON/ICONS/kompaktowyrozmiar.svg"></div>
					<div class="col-md-10">
						<h2 class="text-left">
							Kompaktowe wymiary</h2>
						<p>
							Zastosowanie nowego ekranu o bezramkowej konstrukcji NanoEdge ze wszystkich czterech stron pozwoliło zredukować wymiary do minimum, dzięki czemu VivoBook 15 dysponuje znacznie mniejszą obudową, a także jest niewiarygodnie lekki. Teraz możesz po prostu wsunąć go do swojej torby i korzystać z komputera w dowolnym miejscu.</p>
						<div class="video-container" style="position:relative;padding-bottom:56.25%; background: none; margin: 30px 0 40px 0;height:0;overflow:hidden;border-radius: 30px">
							<div class="embed-responsive embed-responsive-16by9">
								<iframe class="embed-responsive-item" src="https://www.youtube.com/embed/L-LAFfSJ6Wc?rel=0&amp;controls=0&amp;showinfo=0" style="position:absolute;top:0;left:0;width:100%;height:100%;border:none;"></iframe></div>
						</div>
						<p style="font-size: 11px;">
							*Specyfikacja może się różnić w zależności od modelu i/lub regionu.</p>
					</div>
				</div><div class="row text-left fresh-content">
					<div class="col-md-2 text-center">
						<img alt="regulacja" class="ico" src="https://allegro.stati.pl/AllegroIMG/SZABLON/ICONS/regulacja.svg"></div>
					<div class="col-md-10">
						<h2 class="text-left">
							Zawias ErgoLift</h2>
						<p>
							Pokrywa laptopa VivoBook 15 to wrota do świata produktywności i ogromnych możliwości. Zastosowany w nim precyzyjnie zaprojektowany zawias ErgoLift charakteryzuje się wyjątkowo płynną pracą i podwójną funkcjonalnością: bezpiecznie utrzymuje pozycję ekranu pod dowolnym kątem nachylenia, a także unosi klawiaturę pod kątem 2°, aby za każdym razem zapewniać Ci idealną pozycję do pisania.</p>
						<img alt="Zawias ErgoLift" src="https://allegro.stati.pl/AllegroIMG/PRODUCENCI/ASUS/R564UA-EJ122/03-ergo-lift.jpg"></div>
				</div><div class="row text-left fresh-content">
					<div class="col-md-2 text-center">
						<img alt="kabel" class="ico" src="https://allegro.stati.pl/AllegroIMG/SZABLON/ICONS/kabel.svg"></div>
					<div class="col-md-10">
						<h2 class="text-left">
							Opcje połączeń</h2>
						<p>
							VivoBook 15 jest wyposażony w najnowsze gniazdo USB Type-C™ (USB-C™) do podłączania dowolną stroną wtyczki, dzięki czemu podłączanie urządzeń jest tak łatwe, jak tylko to możliwe. Dostępne są też gniazda USB 3.1 Gen 1 i USB 2.0, HDMI, a także czytnik kart microSD. Możesz więc podłączyć wszystkie aktualnie posiadane urządzenia peryferyjne, wyświetlacze i projektory – łatwo i bez wysiłku.</p>
						<img alt="Opcje połączeń" src="https://allegro.stati.pl/AllegroIMG/PRODUCENCI/ASUS/R564UA-EJ122/04-opcje-polaczen.jpg"></div>
				</div>","https://cdn.x-kom.pl/i/setup/images/prod/big/product-new-big,,2019/1/pr_2019_1_31_10_19_43_512_09.jpg",https://www.x-kom.pl/p/474876-notebook-laptop-156-asus-vivobook-15-r564ua-i5-8250u-8gb-256-win10.html
Lenovo IdeaPad C340-14 i3-8145U/8GB/240/Win10 Dotyk ,Lenovo,1977,"Notebooki / Laptopy 14,1"","<div class="row text-center fresh-content">
	<div class="col-md-12">
		<div class="row text-left fresh-content">
			<div class="col-md-2 text-center">
				<img alt="ikona" class="ico" src="https://allegro.stati.pl/AllegroIMG/SZABLON/ICONS/laptop.svg"></div>
			<div class="col-md-10">
				<h2 class="text-left">
					Odkryj ultramobilny laptop Lenovo Ideapad C340-14 w 360 stopniach</h2>
				<p>
					Elegancko wykończony, efektowny, a jednocześnie minimalistyczny. Lenovo Ideapad C340-14 to laptop, który otwiera przed Tobą mobilne wrota, za którymi mnożą się nieskończone możliwości. Pracuj, oglądaj ulubione filmy i seriale, dziel się wrażeniami ze swoimi przyjaciółmi. Z ultramobilnym Lenovo Ideapad C340-14 zrobisz to, gdziekolwiek się znajdujesz. Jest lekki, niewielki i tylko czeka, aż zabierzesz go ze sobą w podróże małe i duże. </p>
				<p>
					Sprawdź, jak Lenovo Ideapad C340-14 wygląda w rzeczywistości. Chwyć zdjęcie poniżej i przeciągnij je w lewo lub prawo, aby obrócić produkt, lub skorzystaj z przycisków nawigacyjnych.</p>
				<div class="ov360">
					<div id="orbitvu">
						 </div>
				</div>
				<template><script type="text/javascript" src="https://blob.stati.pl/ov360/orbitvu12/swfobject.js">
</script></template><template><script type="text/javascript" src="https://blob.stati.pl/ov360/orbitvu12/orbitvu.js">
</script></template><template><script type="text/javascript">

        inject_orbitvu('orbitvu', 'https://blob.stati.pl/ov360/orbitvu12/orbitvuer12.swf', 'https://blob.stati.pl/ov360/orbitvu12/expressInstall.swf', {
            ovus_folder: "https://xkomstati.blob.core.windows.net/ov360/Systems/Lenovo/81N400FMPB/",
            width: "100%",
            content2: 'yes',
            height: "100%"
        });
</script></template></div>
		</div>
	</div>
</div><div class="row text-left fresh-content">
			<div class="col-md-2 text-center">
				<img alt="ikona" class="ico" src="https://allegro.stati.pl/AllegroIMG/SZABLON/ICONS/laptop.svg"></div>
			<div class="col-md-10">
				<h2 class="text-left">
					Odkryj ultramobilny laptop Lenovo Ideapad C340-14 w 360 stopniach</h2>
				<p>
					Elegancko wykończony, efektowny, a jednocześnie minimalistyczny. Lenovo Ideapad C340-14 to laptop, który otwiera przed Tobą mobilne wrota, za którymi mnożą się nieskończone możliwości. Pracuj, oglądaj ulubione filmy i seriale, dziel się wrażeniami ze swoimi przyjaciółmi. Z ultramobilnym Lenovo Ideapad C340-14 zrobisz to, gdziekolwiek się znajdujesz. Jest lekki, niewielki i tylko czeka, aż zabierzesz go ze sobą w podróże małe i duże. </p>
				<p>
					Sprawdź, jak Lenovo Ideapad C340-14 wygląda w rzeczywistości. Chwyć zdjęcie poniżej i przeciągnij je w lewo lub prawo, aby obrócić produkt, lub skorzystaj z przycisków nawigacyjnych.</p>
				<div class="ov360">
					<div id="orbitvu">
						 </div>
				</div>
				<template><script type="text/javascript" src="https://blob.stati.pl/ov360/orbitvu12/swfobject.js">
</script></template><template><script type="text/javascript" src="https://blob.stati.pl/ov360/orbitvu12/orbitvu.js">
</script></template><template><script type="text/javascript">

        inject_orbitvu('orbitvu', 'https://blob.stati.pl/ov360/orbitvu12/orbitvuer12.swf', 'https://blob.stati.pl/ov360/orbitvu12/expressInstall.swf', {
            ovus_folder: "https://xkomstati.blob.core.windows.net/ov360/Systems/Lenovo/81N400FMPB/",
            width: "100%",
            content2: 'yes',
            height: "100%"
        });
</script></template></div>
		</div><div class="row text-left fresh-content">
					<div class="col-md-2 text-center">
						<img alt="bateria" class="ico" src="https://allegro.stati.pl/AllegroIMG/SZABLON/ICONS/bateria.svg"></div>
					<div class="col-md-10">
						<h2 class="text-left">
							Więcej i łatwiej</h2>
						<p>
							IdeaPad C340 działa na baterii nawet do 8 godzin, dlatego przez cały dzień i w dowolnym miejscu możesz pracować, korzystać z rozrywki oraz być na bieżąco. Uwolnij się od ścian i zabierz ze sobą laptopa gdzie tylko chcesz.</p>
						<img alt="Wydajna pojemna bateria" src="https://allegro.stati.pl/AllegroIMG/PRODUCENCI/LENOVO/Ideapad%20C340-14/02-lewy-bok.jpg"></div>
				</div><div class="row text-left fresh-content">
					<div class="col-md-2 text-center">
						<img alt="wbudowana kamera" class="ico" src="https://allegro.stati.pl/AllegroIMG/SZABLON/ICONS/wbudowanakamera.svg"></div>
					<div class="col-md-10">
						<h2 class="text-left">
							Prywatność online? Na nim możesz polegać</h2>
						<p>
							We współczesnym, stale połączonym z siecią świecie prywatność online jest wyjątkowo istotna. Dlatego IdeaPad C340 ma wygodną osłonę TrueBlock Privacy Shutter, która umożliwia fizyczne zamknięcie kamery internetowej, kiedy nie jest używana.</p>
						<img alt="fizyczna osłona kamery internetowej" src="https://allegro.stati.pl/AllegroIMG/PRODUCENCI/LENOVO/Ideapad%20C340-14/03-tryb-namiotu.jpg"></div>
				</div><div class="row text-left fresh-content">
					<div class="col-md-2 text-center">
						<img alt="dotykowy ekran" class="ico" src="https://allegro.stati.pl/AllegroIMG/SZABLON/ICONS/dotykowyekran.svg"></div>
					<div class="col-md-10">
						<h2 class="text-left">
							Kreatywność bez ograniczeń</h2>
						<p>
							Po co stukać w klawiaturę, skoro możesz pisać, rysować i szkicować bezpośrednio na ekranie IdeaPada C340? Teraz możesz zapisać ciekawe pomysły, rysować lub robić notatki na bieżąco, niezależnie od miejsca.</p>
						<img alt="Dotykowa matryca" src="https://allegro.stati.pl/AllegroIMG/PRODUCENCI/LENOVO/Ideapad%20C340-14/04-180-stopni.jpg"></div>
				</div><div class="row text-left fresh-content">
					<div class="col-md-2 text-center">
						<img alt="wydajność" class="ico" src="https://allegro.stati.pl/AllegroIMG/SZABLON/ICONS/wydajnosc.svg"></div>
					<div class="col-md-10">
						<h2 class="text-left">
							Wyjątkowo wszechstronny, bardzo funkcjonalny</h2>
						<p>
							Mając IdeaPad C340, poradzisz sobie w każdej sytuacji. Tryb laptopa służy do codziennej pracy z komputerem. W trybie namiotu możesz prezentować multimedia, w trybie podstawki — oglądać seriale, a w trybie tabletu korzystać z bardziej intuicyjnej interakcji z urządzeniem.</p>
						<img alt="Lenovo tryb podstawki" src="https://allegro.stati.pl/AllegroIMG/PRODUCENCI/LENOVO/Ideapad%20C340-14/05-prawy-bok.jpg"></div>
				</div><div class="row text-left fresh-content">
					<div class="col-md-2 text-center">
						<img alt="windows" class="ico" src="https://allegro.stati.pl/AllegroIMG/SZABLON/ICONS/windows.svg"></div>
					<div class="col-md-10">
						<h2 class="text-left">
							Zaktualizuj system do Windows 10 Home<br>
							<small>Doskonały do wszystkich zadań</small></h2>
						<div>
							Laptop posiada preinstalowany system Windows 10 w trybie S. Znajdziesz w nim swoje ulubione aplikacje, w tym pakiet Office, Evernote, czy Spotify, a do tego przeglądarkę Microsoft Edge oraz przeglądarkę Bing. Lecz jeśli chcesz, możesz bezpłatnie zaktualizować system do pełnej wersji Windows 10 Home. Instrukcję, która pomoże Ci zrobić update samodzielnie, znajdziesz w <a href="https://www.x-kom.pl/aktualnosci/5989-aktualizacja-windows-10-w-trybie-s-do-windows-home-jak-to-zrobic.html" target="_blank"><span style="color:blue">poradniku - Aktualizacja Windows 10 w trybie S do Windows Home. Jak to zrobić?</span></a></div>
						<img alt="System operacyjny Windows 10 Home" src="https://allegro.stati.pl/AllegroIMG/SZABLON/SYSTEMY/win10s.jpg?"></div>
				</div>","https://cdn.x-kom.pl/i/setup/images/prod/big/product-new-big,,2019/7/pr_2019_7_11_15_5_46_852_10.jpg",https://www.x-kom.pl/p/507054-notebook-laptop-141-lenovo-ideapad-c340-14-i3-8145u-8gb-240-win10-dotyk.html
ASUS VivoBook 15 X509FA i3-8145U/8GB/256/Win10,ASUS,1999,"Notebooki / Laptopy 15,6"","<div class="row text-center fresh-content">
	<div class="col-md-12">
		<div class="row text-center">
			<div class="col-md-12">
				<div class="row text-left fresh-content">
					<div class="col-md-2 text-center">
						<img alt="mysz" class="ico" src="https://allegro.stati.pl/AllegroIMG/SZABLON/ICONS/laptop.svg"></div>
					<div class="col-md-10">
						<h2 class="text-left">
							Odkryj uniwersalny laptop ASUS VivoBook 15 X509FA w 360 stopniach</h2>
						<p>
							Poznaj ASUS VivoBook 15, serię laptopów stworzonych z myślą o Twojej wygodzie. Wyposażone w wydajny procesor firmy Intel oraz zintegrowany układ graficzny są w stanie sprostać zarówno prostym codziennym obowiązkom, jak i realizować wymagające zadania. Ciesz się wysoką jakością wyświetlanego obrazu w rozdzielczości Full HD, a matowa powłoka matrycy zadba o to, by obraz był wyświetlany odpowiednio w każdych warunkach.</p>
						<p>
							Sprawdź, jak ASUS VivoBook 15 X509FA wygląda w rzeczywistości. Chwyć zdjęcie poniżej i przeciągnij je w lewo lub prawo aby obrócić produkt lub skorzystaj z przycisków nawigacyjnych.</p>
						<div class="ov360">
							<div id="orbitvu">
								 </div>
						</div>
						<template><script type="text/javascript" src="https://blob.stati.pl/ov360/orbitvu12/swfobject.js">
</script></template><template><script type="text/javascript" src="https://blob.stati.pl/ov360/orbitvu12/orbitvu.js">
</script></template><template><script type="text/javascript">

        inject_orbitvu('orbitvu', 'https://blob.stati.pl/ov360/orbitvu12/orbitvuer12.swf', 'https://blob.stati.pl/ov360/orbitvu12/expressInstall.swf', {
            ovus_folder: "https://xkomstati.blob.core.windows.net/ov360/Systems/Asus/X509FA-EJ216T/",
            width: "100%",
            content2: 'yes',
            height: "100%"
        });
</script></template></div>
				</div>
			</div>
		</div>
	</div>
</div><div class="row text-left fresh-content">
					<div class="col-md-2 text-center">
						<img alt="mysz" class="ico" src="https://allegro.stati.pl/AllegroIMG/SZABLON/ICONS/laptop.svg"></div>
					<div class="col-md-10">
						<h2 class="text-left">
							Odkryj uniwersalny laptop ASUS VivoBook 15 X509FA w 360 stopniach</h2>
						<p>
							Poznaj ASUS VivoBook 15, serię laptopów stworzonych z myślą o Twojej wygodzie. Wyposażone w wydajny procesor firmy Intel oraz zintegrowany układ graficzny są w stanie sprostać zarówno prostym codziennym obowiązkom, jak i realizować wymagające zadania. Ciesz się wysoką jakością wyświetlanego obrazu w rozdzielczości Full HD, a matowa powłoka matrycy zadba o to, by obraz był wyświetlany odpowiednio w każdych warunkach.</p>
						<p>
							Sprawdź, jak ASUS VivoBook 15 X509FA wygląda w rzeczywistości. Chwyć zdjęcie poniżej i przeciągnij je w lewo lub prawo aby obrócić produkt lub skorzystaj z przycisków nawigacyjnych.</p>
						<div class="ov360">
							<div id="orbitvu">
								 </div>
						</div>
						<template><script type="text/javascript" src="https://blob.stati.pl/ov360/orbitvu12/swfobject.js">
</script></template><template><script type="text/javascript" src="https://blob.stati.pl/ov360/orbitvu12/orbitvu.js">
</script></template><template><script type="text/javascript">

        inject_orbitvu('orbitvu', 'https://blob.stati.pl/ov360/orbitvu12/orbitvuer12.swf', 'https://blob.stati.pl/ov360/orbitvu12/expressInstall.swf', {
            ovus_folder: "https://xkomstati.blob.core.windows.net/ov360/Systems/Asus/X509FA-EJ216T/",
            width: "100%",
            content2: 'yes',
            height: "100%"
        });
</script></template></div>
				</div><div class="row text-left fresh-content">
					<div class="col-md-2 text-center">
						<img alt="procesor" class="ico" src="https://allegro.stati.pl/AllegroIMG/SZABLON/ICONS/procesor.svg"></div>
					<div class="col-md-10">
						<h2 class="text-left">
							Procesor Intel Core i3 ósmej generacji</h2>
						<p>
							Doskonała dynamika pracy, szybkość, responsywność i zaawansowane technologie. To wszystko zapewni Ci procesor Intel Core i3, należący do ósmej generacji CPU marki Intel. Udoskonalona wydajność, połączona ze sprawnością energetyczną stanowią gwarancję płynnej pracy wielozadaniowej. Tak z aplikacjami, popularnymi grami, jak i multimediami w wysokiej rozdzielczości. Jednostka potrafi też automatycznie dopasować dostępne zasoby do bieżącego obciążenia, przyspieszając realizację postawionych przed nią zadań.</p>
						<img alt="Intel Core i3 8-th gen." src="https://allegro.stati.pl/AllegroIMG/PRODUCENCI/ASUS/X509FA-EJ216/02-lewy-bok.jpg"></div>
				</div><div class="row text-left fresh-content">
					<div class="col-md-2 text-center">
						<img alt="zintegrowany układ graficzny" class="ico" src="https://allegro.stati.pl/AllegroIMG/SZABLON/ICONS/grafikazintegrowana.svg"></div>
					<div class="col-md-10">
						<h2 class="text-left">
							Układ graficzny Intel® UHD Graphics</h2>
						<p>
							Intel UHD Graphics to wyjątkowa swoboda edycji zdjęć i wideo. To także filmy w porywającej jakości 4K, wyświetlane nawet na trzech ekranach. To również emocjonujący gaming z nowymi grami w rozdzielczości Full HD (1080 p). Moc układu wspierają zaawansowane technologie obrazu Intel, gwarantując nieskazitelnie czystą projekcję Twoich ulubionych multimediów.</p>
						<img alt="Intel UHD" src="https://allegro.stati.pl/AllegroIMG/PRODUCENCI/ASUS/X509FA-EJ216/00-prawy-bok.jpg"></div>
				</div><div class="row text-left fresh-content">
					<div class="col-md-2 text-center">
						<img alt="matowy ekran" class="ico" src="https://allegro.stati.pl/AllegroIMG/SZABLON/ICONS/matowyekran.svg"></div>
					<div class="col-md-10">
						<h2 class="text-left">
							Uzyskaj lepszy widok na świat</h2>
						<p>
							Wyświetlacz NanoEdge zapewnia ASUS X509 rozległy obszar działania, zapewniający wciągające wrażenia podczas pracy i zabawy. Szerokokątny panel FHD jest wyposażony w powłokę antyrefleksyjną, która redukuje niepożądane zakłócenia powodowane przez irytujące odblaski i odbicia, dzięki czemu możesz naprawdę skupić się na tym, co przed tobą.</p>
						<img alt="Wyświetlacz NanoEdge" src="https://allegro.stati.pl/AllegroIMG/PRODUCENCI/ASUS/X509FA-EJ216/03-ekran.jpg"></div>
				</div><div class="row text-left fresh-content">
					<div class="col-md-2 text-center">
						<img alt="dźwięk" class="ico" src="https://allegro.stati.pl/AllegroIMG/SZABLON/ICONS/dzwiek.svg"></div>
					<div class="col-md-10">
						<h2 class="text-left">
							Bogaty, krystalicznie czysty dźwięk</h2>
						<p>
							ASUS SonicMaster to połączenie sprzętu, oprogramowania i dostrojenia zaprojektowane z myślą o zapewnieniu najlepszej jakości dźwięku. Profesjonalny kodek zapewnia precyzyjne kodowanie i dekodowanie dźwięku; podczas gdy wzmacniacze, duże głośniki i komory rezonansowe idealnie dopasowane do ASUS X509 zapewniają mocny dźwięk i głębsze basy. Dodatkowe przetwarzanie i strojenie sygnału pomaga dopracować najdrobniejsze szczegóły, filtrować szumy i poprawić czystość dźwięku, aby uzyskać naprawdę wciągający efekt.</p>
						<img alt="ASUS SonicMaster" src="https://allegro.stati.pl/AllegroIMG/PRODUCENCI/ASUS/X509FA-EJ216/04-klawiatura.jpg"></div>
				</div>","https://cdn.x-kom.pl/i/setup/images/prod/big/product-new-big,,2019/8/pr_2019_8_28_12_33_15_360_05.jpg",https://www.x-kom.pl/p/508893-notebook-laptop-156-asus-vivobook-15-x509fa-i3-8145u-8gb-256-win10.html
ASUS VivoBook 14 R459UA i5-8250U/8GB/256/Win10,ASUS,2599,"Notebooki / Laptopy 14,1"","<div class="row text-center fresh-content">
	<div class="col-md-12">
		<div class="row text-left fresh-content">
			<div class="col-md-2 text-center">
				<img alt="ikona" class="ico" src="https://allegro.stati.pl/AllegroIMG/SZABLON/ICONS/laptop.svg"></div>
			<div class="col-md-10">
				<h2 class="text-left">
					Odkryj ultramobilny laptop ASUS VivoBook 14 w 360 stopniach</h2>
				<h2 class="text-left">
					<small>Niesamowita wydajność</small></h2>
				<p>
					Laptop ASUS VivoBook 14 R459UA został zaprojektowany z myślą o Twojej wygodzie. Waży zaledwie 1,36 kg, dzięki czemu możesz zabrać go ze sobą wszędzie. Stylowa obudowa została wykonana z wysokiej jakości materiałów, a wytrzymała bateria zapewnia energię na cały dzień multimedialnych wrażeń, niezależnie czy pracujesz, czy cieszysz się filmową lub serialową rozrywką.</p>
				<p>
					Sprawdź, jak ASUS VivoBook 14 wygląda w rzeczywistości. Chwyć zdjęcie poniżej i przeciągnij je w lewo lub prawo aby obrócić produkt lub skorzystaj z przycisków nawigacyjnych.</p>
				<div class="ov360">
					<div id="orbitvu">
						 </div>
				</div>
				<template><script type="text/javascript" src="https://blob.stati.pl/ov360/orbitvu12/swfobject.js">
</script></template><template><script type="text/javascript" src="https://blob.stati.pl/ov360/orbitvu12/orbitvu.js">
</script></template><template><script type="text/javascript">

        inject_orbitvu('orbitvu', 'https://blob.stati.pl/ov360/orbitvu12/orbitvuer12.swf', 'https://blob.stati.pl/ov360/orbitvu12/expressInstall.swf', {
            ovus_folder: "https://xkomstati.blob.core.windows.net/ov360/Systems/Asus/R459UA-EK108T/",
            width: "100%",
            content2: 'yes',
            height: "100%"
        });
</script></template></div>
		</div>
	</div>
</div><div class="row text-left fresh-content">
			<div class="col-md-2 text-center">
				<img alt="ikona" class="ico" src="https://allegro.stati.pl/AllegroIMG/SZABLON/ICONS/laptop.svg"></div>
			<div class="col-md-10">
				<h2 class="text-left">
					Odkryj ultramobilny laptop ASUS VivoBook 14 w 360 stopniach</h2>
				<h2 class="text-left">
					<small>Niesamowita wydajność</small></h2>
				<p>
					Laptop ASUS VivoBook 14 R459UA został zaprojektowany z myślą o Twojej wygodzie. Waży zaledwie 1,36 kg, dzięki czemu możesz zabrać go ze sobą wszędzie. Stylowa obudowa została wykonana z wysokiej jakości materiałów, a wytrzymała bateria zapewnia energię na cały dzień multimedialnych wrażeń, niezależnie czy pracujesz, czy cieszysz się filmową lub serialową rozrywką.</p>
				<p>
					Sprawdź, jak ASUS VivoBook 14 wygląda w rzeczywistości. Chwyć zdjęcie poniżej i przeciągnij je w lewo lub prawo aby obrócić produkt lub skorzystaj z przycisków nawigacyjnych.</p>
				<div class="ov360">
					<div id="orbitvu">
						 </div>
				</div>
				<template><script type="text/javascript" src="https://blob.stati.pl/ov360/orbitvu12/swfobject.js">
</script></template><template><script type="text/javascript" src="https://blob.stati.pl/ov360/orbitvu12/orbitvu.js">
</script></template><template><script type="text/javascript">

        inject_orbitvu('orbitvu', 'https://blob.stati.pl/ov360/orbitvu12/orbitvuer12.swf', 'https://blob.stati.pl/ov360/orbitvu12/expressInstall.swf', {
            ovus_folder: "https://xkomstati.blob.core.windows.net/ov360/Systems/Asus/R459UA-EK108T/",
            width: "100%",
            content2: 'yes',
            height: "100%"
        });
</script></template></div>
		</div><div class="row text-left fresh-content">
					<div class="col-md-2 text-center">
						<img class="ico" src="https://allegro.stati.pl/AllegroIMG/SZABLON/ICONS/wydajnosc.svg"></div>
					<div class="col-md-10">
						<h2 class="text-left">
							Wydajność z Intel Core i5 ósmej generacji</h2>
						<p>
							Działaj z maksymalną wydajnością, dzięki mocy procesora Intel Core i5 ósmej. Wprowadza technologię Intel Turbo Boost 2.0, która w inteligentny sposób podnosi taktowanie zegarów, zwiększając natychmiast wydajność CPU oraz dynamikę pracy laptopa. Tworzenie, edycja oraz udostępnianie multimediów, jak i obrazów sferycznych stanie się prostsze i mniej czasochłonne.</p>
						<div class="video-container" style="position:relative;padding-bottom:56.25%; background: none; margin: 30px 0 40px 0;height:0;overflow:hidden;border-radius: 30px">
							<div class="embed-responsive embed-responsive-16by9">
								<iframe class="embed-responsive-item" src="https://www.youtube.com/embed/L-LAFfSJ6Wc?rel=0&amp;controls=0&amp;showinfo=0" style="position:absolute;top:0;left:0;width:100%;height:100%;border:none;"></iframe></div>
						</div>
						<p style="font-size: 11px;">
							*Specyfikacja może się różnić w zależności od modelu i/lub regionu.</p>
					</div>
				</div><div class="row text-left fresh-content">
					<div class="col-md-2 text-center">
						<img alt="smukłość" class="ico" src="https://allegro.stati.pl/AllegroIMG/SZABLON/ICONS/smuklosc.svg"></div>
					<div class="col-md-10">
						<h2 class="text-left">
							Zobacz więcej, zrób wiecej</h2>
						<p>
							Wyświetlacz NanoEdge oferuje teraz jeszcze węższe ramki z czterech stron. Takie rozwiązanie zapewnia 87% stosunek wielkości ekranu do obudowy, co zapewnia niesamowite wrażenia wizualne w jeszcze bardziej kompaktowej konstrukcji.</p>
						<img alt="ASUS VivoBook 14  Ekran NanoEdge" src="https://allegro.stati.pl/AllegroIMG/PRODUCENCI/ASUS/R459UA/02-ekran-nanoedge.jpg"></div>
				</div><div class="row text-left fresh-content">
					<div class="col-md-2 text-center">
						<img alt="szeroki kąt" class="ico" src="https://allegro.stati.pl/AllegroIMG/SZABLON/ICONS/szerokikat.svg"></div>
					<div class="col-md-10">
						<h2 class="text-left">
							Podnieś się</h2>
						<p>
							Otwórz VivoBook 14, aby zyskać świat wydajności i możliwości. Precyzyjnie zaprojektowany zawias ErgoLift bezpiecznie trzyma wyświetlacz pod dowolnym kątem i dodaje nachylenia klawiatury o 3°, aby za każdym razem uzyskać idealną pozycje do pisania. ErgoLift zwiększa również wydajność chłodzenia i zapewnia stabilna prace przy laptopie.</p>
						<img alt="ASUS VivoBook 14 ergolift" src="https://allegro.stati.pl/AllegroIMG/PRODUCENCI/ASUS/R459UA/04-ergo-lift.jpg"></div>
				</div>","https://cdn.x-kom.pl/i/setup/images/prod/big/product-new-big,,2019/1/pr_2019_1_31_10_35_49_351_09.jpg",https://www.x-kom.pl/p/474871-notebook-laptop-141-asus-vivobook-14-r459ua-i5-8250u-8gb-256-win10.html
Lenovo IdeaPad L340-15 i5-9300H/8GB/256 GTX1650,Lenovo,2999,"Notebooki / Laptopy 15,6"","<div class="row text-center fresh-content">
	<div class="col-md-12">
		<div class="row text-center">
			<div class="col-md-12">
				<div class="row text-left fresh-content">
					<div class="col-md-2 text-center">
						<img alt="mysz" class="ico" src="https://allegro.stati.pl/AllegroIMG/SZABLON/ICONS/laptop.svg"></div>
					<div class="col-md-10">
						<h2 class="text-left">
							Odkryj laptop gamingowy Lenovo Ideapad L340-15 w 360 stopniach</h2>
						<p>
							15,6-calowy Lenovo IdeaPad L340-15 oferuje dokładnie to, czego potrzebujesz, aby zdominować pola wirtualnych bitew. Najpotężniejsza generacja mobilnych procesorów Intel Core i5 9. generacji łączy się z układem graficznym Nvidia GeForce GTX o nieprzeciętnej mocy, aby zapewnić Ci płynną, komfortową rozgrywkę nawet w najnowszych tytułach. Wejdź do gry, poczuj smak rywalizacji na najwyższym poziomie.</p>
						<p>
							Sprawdź, jak Lenovo Ideapad L340-15 wygląda w rzeczywistości. Chwyć zdjęcie poniżej i przeciągnij je w lewo lub prawo aby obrócić produkt lub skorzystaj z przycisków nawigacyjnych.</p>
						<div class="ov360">
							<div id="orbitvu">
								 </div>
						</div>
						<template><script type="text/javascript" src="https://blob.stati.pl/ov360/orbitvu12/swfobject.js">
</script></template><template><script type="text/javascript" src="https://blob.stati.pl/ov360/orbitvu12/orbitvu.js">
</script></template><template><script type="text/javascript">

        inject_orbitvu('orbitvu', 'https://blob.stati.pl/ov360/orbitvu12/orbitvuer12.swf', 'https://blob.stati.pl/ov360/orbitvu12/expressInstall.swf', {
            ovus_folder: "https://xkomstati.blob.core.windows.net/ov360/Systems/Lenovo/81LK00B2PB/",
            width: "100%",
            content2: 'yes',
            height: "100%"
        });
</script></template></div>
				</div>
			</div>
		</div>
	</div>
</div><div class="row text-left fresh-content">
					<div class="col-md-2 text-center">
						<img alt="mysz" class="ico" src="https://allegro.stati.pl/AllegroIMG/SZABLON/ICONS/laptop.svg"></div>
					<div class="col-md-10">
						<h2 class="text-left">
							Odkryj laptop gamingowy Lenovo Ideapad L340-15 w 360 stopniach</h2>
						<p>
							15,6-calowy Lenovo IdeaPad L340-15 oferuje dokładnie to, czego potrzebujesz, aby zdominować pola wirtualnych bitew. Najpotężniejsza generacja mobilnych procesorów Intel Core i5 9. generacji łączy się z układem graficznym Nvidia GeForce GTX o nieprzeciętnej mocy, aby zapewnić Ci płynną, komfortową rozgrywkę nawet w najnowszych tytułach. Wejdź do gry, poczuj smak rywalizacji na najwyższym poziomie.</p>
						<p>
							Sprawdź, jak Lenovo Ideapad L340-15 wygląda w rzeczywistości. Chwyć zdjęcie poniżej i przeciągnij je w lewo lub prawo aby obrócić produkt lub skorzystaj z przycisków nawigacyjnych.</p>
						<div class="ov360">
							<div id="orbitvu">
								 </div>
						</div>
						<template><script type="text/javascript" src="https://blob.stati.pl/ov360/orbitvu12/swfobject.js">
</script></template><template><script type="text/javascript" src="https://blob.stati.pl/ov360/orbitvu12/orbitvu.js">
</script></template><template><script type="text/javascript">

        inject_orbitvu('orbitvu', 'https://blob.stati.pl/ov360/orbitvu12/orbitvuer12.swf', 'https://blob.stati.pl/ov360/orbitvu12/expressInstall.swf', {
            ovus_folder: "https://xkomstati.blob.core.windows.net/ov360/Systems/Lenovo/81LK00B2PB/",
            width: "100%",
            content2: 'yes',
            height: "100%"
        });
</script></template></div>
				</div><div class="row text-left fresh-content">
					<div class="col-md-2 text-center">
						<img alt=" class="ico" src="https://allegro.stati.pl/AllegroIMG/SZABLON/ICONS/procesor.svg"></div>
					<div class="col-md-10">
						<h2 class="text-left">
							Intel Core i5 dziewiątej generacji</h2>
						<p>
							Procesor Intel Core i5 zaskoczy Cię olbrzymią mocą, szybkością oraz sprawnością, z jaką realizuje najbardziej wymagające zadania. Dzięki technologii Intel Turbo Boost 2.0 procesor w inteligentny sposób zwiększa taktowanie zegarów, wyzwalając jeszcze większą moc obliczeniową. Intel Core i5 9-th Gen. perfekcyjnie radzi sobie również z obsługą filmów w najwyższej rozdzielczości, zapewniając przy okazji bezpieczne transakcje w sieci.</p>
						<img alt="Intel Core i5 dziewiątej generacji" src="https://allegro.stati.pl/AllegroIMG/PRODUCENCI/LENOVO/81LK00B6PB/02-tyl.jpg"></div>
				</div><div class="row text-left fresh-content">
					<div class="col-md-2 text-center">
						<img alt=" class="ico" src="https://allegro.stati.pl/AllegroIMG/SZABLON/ICONS/kartagraficzna.svg"></div>
					<div class="col-md-10">
						<h2 class="text-left">
							GeForce GTX 1650 – Twój gamingowy oręż</h2>
						<p>
							Pora na dominację absolutną. Karty graficzne GeForce GTX 1650 oparte są na nagradzanej architekturze NVIDIA Turing™ dzięki czemu zapewniają przełomową wydajność graficzną. Ten mocarny układ wypełniają po brzegi technologie gamingowe, pozwalające grać płynnie w najnowsze, najbardziej wymagajcie tytuły, przy wykorzystaniu fenomenalnej rozdzielczości 4K i trybu HDR. Przeniesiesz się także do fascynującego świata VR, podziwiając gamę efektów specjalnych, dostarczanych przez biblioteki DirectX 12.</p>
						<img alt="Lenovo Ideapad L340-15 GeForce GTX 1650– Twój gamingowy oręż" src="https://allegro.stati.pl/AllegroIMG/PRODUCENCI/LENOVO/81LK00B6PB/03-przod.jpg"></div>
				</div><div class="row text-left fresh-content">
					<div class="col-md-2 text-center">
						<img alt="konsola" class="ico" src="https://allegro.stati.pl/AllegroIMG/SZABLON/ICONS/konsola.svg"></div>
					<div class="col-md-10">
						<h2 class="text-left">
							Oddaj się rozgrywce</h2>
						<p>
							Laptopy IdeaPad L340 zostały wyposażone w wyjątkowy system dźwięku Dolby Audio™. Ta zaawansowana technologia przeniesie Twoje wrażenia z gier na zupełnie nowy, wyższy poziom.</p>
						<img alt="Matryca Ekran'" src="https://allegro.stati.pl/AllegroIMG/PRODUCENCI/LENOVO/81LK00B6PB/04-klawiatura.jpg"></div>
				</div><div class="row text-left fresh-content">
					<div class="col-md-2 text-center">
						<img alt="bezpieczeństwo ochrona" class="ico" src="https://allegro.stati.pl/AllegroIMG/SZABLON/ICONS/bezpieczenstwo.svg"></div>
					<div class="col-md-10">
						<h2 class="text-left">
							Twoja prywatność ma znaczenie</h2>
						<p>
							Prowadź transmisję na żywo bez obaw o swoją prywatność. Dzięki fizycznej osłonie kamery internetowej możesz zakryć ją w dowolnym momencie i odciąć się od świata zewnętrznego.</p>
						<img alt="Porty interfejs pokrywa matrycy" src="https://allegro.stati.pl/AllegroIMG/PRODUCENCI/LENOVO/81LK00B6PB/05-lewy-bok.jpg"></div>
				</div>","https://cdn.x-kom.pl/i/setup/images/prod/big/product-new-big,,2019/9/pr_2019_9_2_10_51_9_110_10.jpg",https://www.x-kom.pl/p/507126-notebook-laptop-156-lenovo-ideapad-l340-15-i5-9300h-8gb-256-gtx1650.html
ASUS VivoBook S430FA i5-8265U/8GB/256/Win10,ASUS,2799,"Notebooki / Laptopy 14,1"","<div class="row text-center fresh-content">
	<div class="col-md-12">
		<div class="row text-center">
			<div class="col-md-12">
				<div class="row text-center">
					<div class="col-md-12">
						<div class="row text-left fresh-content">
							<div class="col-md-2 text-center">
								<img alt="laptop" class="ico" src="https://allegro.stati.pl/AllegroIMG/SZABLON/ICONS/laptop.svg"></div>
							<div class="col-md-10">
								<h2 class="text-left">
									Odkryj ultramobilny laptop Asus VivoBook S430FA w 360 stopniach</h2>
								<p>
									Elegancko wykończony, efektowny, a jednocześnie minimalistyczny. ASUS VivoBook S430FA  to laptop, który otwiera przed Tobą mobilne wrota, za którymi mnożą się nieskończone możliwości. Pracuj, oglądaj ulubione filmy i seriale, dziel się wrażeniami ze swoimi przyjaciółmi. Z ultramobilnym ASUS VivoBook S430FA zrobisz to, gdziekolwiek się znajdujesz. Jest lekki, niewielki i tylko czeka, aż zabierzesz go ze sobą w podróże małe i duże.</p>
								<p>
									Sprawdź, jak produkt wygląda w rzeczywistości. Chwyć zdjęcie poniżej i przeciągnij je w lewo lub prawo aby obrócić produkt lub skorzystaj z przycisków nawigacyjnych.</p>
								<div class="ov360">
									<div id="orbitvu">
										 </div>
								</div>
								<template><script type="text/javascript" src="https://blob.stati.pl/ov360/orbitvu12/swfobject.js">
</script></template><template><script type="text/javascript" src="https://blob.stati.pl/ov360/orbitvu12/orbitvu.js">
</script></template><template><script type="text/javascript">

        inject_orbitvu('orbitvu', 'https://blob.stati.pl/ov360/orbitvu12/orbitvuer12.swf', 'https://blob.stati.pl/ov360/orbitvu12/expressInstall.swf', {
            ovus_folder: "https://xkomstati.blob.core.windows.net/ov360/Systems/Asus/S430FA-EB195T/",
            width: "100%",
            content2: 'yes',
            height: "100%"
        });
</script></template></div>
						</div>
					</div>
				</div>
				<div class="row text-left fresh-content">
					<div class="col-md-2 text-center">
						<img alt="obracany" class="ico" src="https://allegro.stati.pl/AllegroIMG/SZABLON/ICONS/obrot.svg"></div>
					<div class="col-md-10">
						<h2 class="text-left">
							Zawias Ergolift</h2>
						<p>
							Otwórz, aby zyskać świat wydajności i możliwości. Precyzyjnie skonstruowany zawias ErgoLift bezpiecznie trzyma wyświetlacz pod dowolnym kątem i lekko odchyla klawiaturę o 3,5 °, aby za każdym razem uzyskać idealną pozycję do pisania. Co więcej, poprawia również chłodzenie zapewniając stabilną pracę komputera.</p>
						<img alt="zawias Ergolift" src="https://allegro.stati.pl/AllegroIMG/PRODUCENCI/ASUS/VivoBook-S430FA/numberpad/02-ergo-lift.jpg"></div>
				</div>
				<div class="row text-left fresh-content">
					<div class="col-md-2 text-center">
						<img alt="smukłość" class="ico" src="https://allegro.stati.pl/AllegroIMG/SZABLON/ICONS/smuklosc.svg"></div>
					<div class="col-md-10">
						<h2 class="text-left">
							Ekran NanoEdge</h2>
						<p>
							Ekran NanoEdge ma teraz jeszcze węższą ramkę wzdłuż górnej i bocznych krawędzi. Daje to aż 84% wyświetlacza, który zapewnia niezrównane wrażenia w znacznie bardziej kompaktowej obudowie. Teraz każde zadanie staje się łatwiejsze.</p>
						<img alt="NanoEdge" src="https://allegro.stati.pl/AllegroIMG/PRODUCENCI/ASUS/VivoBook-S430FA/numberpad/03-nano-edge.jpg"></div>
				</div>
				<div class="row text-left fresh-content">
					<div class="col-md-2 text-center">
						<img alt="ustawienia" class="ico" src="https://allegro.stati.pl/AllegroIMG/SZABLON/ICONS/suwaki.svg"></div>
					<div class="col-md-10">
						<h2 class="text-left">
							Doskonałe funkcje</h2>
						<p>
							VivoBook S14 ma szeroką gamę funkcji zaprojektowanych, aby zapewnić Ci produktywność przez cały dzień. Posiada podświetlaną klawiaturę dla wygodnego pisania oraz port USB Type-C ™ który zapewnia superszybkie przesyłanie danych, a funkcja fast-charging umożliwia ładowanie rozładowanego akumulatora do 60% w zaledwie 49 minut.</p>
						<img alt="USB Type-C ™ fast-charging VivoBook S14" src="https://allegro.stati.pl/AllegroIMG/PRODUCENCI/ASUS/VivoBook-S430FA/numberpad/04-doskonale-funkcje.jpg"></div>
				</div>
			</div>
		</div>
	</div>
</div><div class="row text-left fresh-content">
							<div class="col-md-2 text-center">
								<img alt="laptop" class="ico" src="https://allegro.stati.pl/AllegroIMG/SZABLON/ICONS/laptop.svg"></div>
							<div class="col-md-10">
								<h2 class="text-left">
									Odkryj ultramobilny laptop Asus VivoBook S430FA w 360 stopniach</h2>
								<p>
									Elegancko wykończony, efektowny, a jednocześnie minimalistyczny. ASUS VivoBook S430FA  to laptop, który otwiera przed Tobą mobilne wrota, za którymi mnożą się nieskończone możliwości. Pracuj, oglądaj ulubione filmy i seriale, dziel się wrażeniami ze swoimi przyjaciółmi. Z ultramobilnym ASUS VivoBook S430FA zrobisz to, gdziekolwiek się znajdujesz. Jest lekki, niewielki i tylko czeka, aż zabierzesz go ze sobą w podróże małe i duże.</p>
								<p>
									Sprawdź, jak produkt wygląda w rzeczywistości. Chwyć zdjęcie poniżej i przeciągnij je w lewo lub prawo aby obrócić produkt lub skorzystaj z przycisków nawigacyjnych.</p>
								<div class="ov360">
									<div id="orbitvu">
										 </div>
								</div>
								<template><script type="text/javascript" src="https://blob.stati.pl/ov360/orbitvu12/swfobject.js">
</script></template><template><script type="text/javascript" src="https://blob.stati.pl/ov360/orbitvu12/orbitvu.js">
</script></template><template><script type="text/javascript">

        inject_orbitvu('orbitvu', 'https://blob.stati.pl/ov360/orbitvu12/orbitvuer12.swf', 'https://blob.stati.pl/ov360/orbitvu12/expressInstall.swf', {
            ovus_folder: "https://xkomstati.blob.core.windows.net/ov360/Systems/Asus/S430FA-EB195T/",
            width: "100%",
            content2: 'yes',
            height: "100%"
        });
</script></template></div>
						</div><div class="row text-left fresh-content">
					<div class="col-md-2 text-center">
						<img alt="obracany" class="ico" src="https://allegro.stati.pl/AllegroIMG/SZABLON/ICONS/obrot.svg"></div>
					<div class="col-md-10">
						<h2 class="text-left">
							Zawias Ergolift</h2>
						<p>
							Otwórz, aby zyskać świat wydajności i możliwości. Precyzyjnie skonstruowany zawias ErgoLift bezpiecznie trzyma wyświetlacz pod dowolnym kątem i lekko odchyla klawiaturę o 3,5 °, aby za każdym razem uzyskać idealną pozycję do pisania. Co więcej, poprawia również chłodzenie zapewniając stabilną pracę komputera.</p>
						<img alt="zawias Ergolift" src="https://allegro.stati.pl/AllegroIMG/PRODUCENCI/ASUS/VivoBook-S430FA/numberpad/02-ergo-lift.jpg"></div>
				</div><div class="row text-left fresh-content">
					<div class="col-md-2 text-center">
						<img alt="smukłość" class="ico" src="https://allegro.stati.pl/AllegroIMG/SZABLON/ICONS/smuklosc.svg"></div>
					<div class="col-md-10">
						<h2 class="text-left">
							Ekran NanoEdge</h2>
						<p>
							Ekran NanoEdge ma teraz jeszcze węższą ramkę wzdłuż górnej i bocznych krawędzi. Daje to aż 84% wyświetlacza, który zapewnia niezrównane wrażenia w znacznie bardziej kompaktowej obudowie. Teraz każde zadanie staje się łatwiejsze.</p>
						<img alt="NanoEdge" src="https://allegro.stati.pl/AllegroIMG/PRODUCENCI/ASUS/VivoBook-S430FA/numberpad/03-nano-edge.jpg"></div>
				</div><div class="row text-left fresh-content">
					<div class="col-md-2 text-center">
						<img alt="ustawienia" class="ico" src="https://allegro.stati.pl/AllegroIMG/SZABLON/ICONS/suwaki.svg"></div>
					<div class="col-md-10">
						<h2 class="text-left">
							Doskonałe funkcje</h2>
						<p>
							VivoBook S14 ma szeroką gamę funkcji zaprojektowanych, aby zapewnić Ci produktywność przez cały dzień. Posiada podświetlaną klawiaturę dla wygodnego pisania oraz port USB Type-C ™ który zapewnia superszybkie przesyłanie danych, a funkcja fast-charging umożliwia ładowanie rozładowanego akumulatora do 60% w zaledwie 49 minut.</p>
						<img alt="USB Type-C ™ fast-charging VivoBook S14" src="https://allegro.stati.pl/AllegroIMG/PRODUCENCI/ASUS/VivoBook-S430FA/numberpad/04-doskonale-funkcje.jpg"></div>
				</div>","https://cdn.x-kom.pl/i/setup/images/prod/big/product-new-big,,2019/3/pr_2019_3_11_11_8_54_663_05.jpg",https://www.x-kom.pl/p/474885-notebook-laptop-141-asus-vivobook-s430fa-i5-8265u-8gb-256-win10.html
Acer Swift 3 i5-8265U/8GB/512/Win10 Srebrny IPS,Acer,2999,"Notebooki / Laptopy 14,1"","<div class="row text-center fresh-content">
	<div class="col-md-12">
		<div class="row text-left fresh-content">
			<div class="col-md-2 text-center">
				<img alt="ikona" class="ico" src="https://allegro.stati.pl/AllegroIMG/SZABLON/ICONS/procesor.svg"></div>
			<div class="col-md-10">
				<h2 class="text-left">
					Odkryj laptop ultramobilny Acer Swift 3 w 360 stopniach</h2>
				<p>
					Elegancja do pary z wygodą użytkowania? To właśnie oferuje ultramobilny laptop Acer Swift 3, który świetnie sprawdzi się zarówno jako narzędzie do pracy, jak i multimedialne centrum rozrywki, na którym zobaczysz kolejne sezony swoich ulubionych seriali. Do dyspozycji masz również inteligentne rozwiązania; na przykład czytnik linii papilarnych, za sprawą którego zalogujesz się do swojego Acer Swift 3 w mgnieniu oka. Smukła konstrukcja oraz waga zaledwie 1,46 kg pozwoli Ci zabrać go ze sobą wszędzie, gdzie zechcesz. Zaufaj mobilności bez kompromisów.</p>
				<p>
					Sprawdź, jak Acer Swift 3 wygląda w rzeczywistości. Chwyć zdjęcie poniżej i przeciągnij je w lewo lub prawo, aby obrócić produkt, lub skorzystaj z przycisków nawigacyjnych.</p>
				<div class="ov360">
					<div id="orbitvu">
						 </div>
				</div>
				<template><script type="text/javascript" src="https://blob.stati.pl/ov360/orbitvu12/swfobject.js">
</script></template><template><script type="text/javascript" src="https://blob.stati.pl/ov360/orbitvu12/orbitvu.js">
</script></template><template><script type="text/javascript">

        inject_orbitvu('orbitvu', 'https://blob.stati.pl/ov360/orbitvu12/orbitvuer12.swf', 'https://blob.stati.pl/ov360/orbitvu12/expressInstall.swf', {
            ovus_folder: "https://xkomstati.blob.core.windows.net/ov360/Systems/Acer/NX.H1SEP.001/",
            width: "100%",
            content2: 'yes',
            height: "100%"
        });
</script></template></div>
		</div>
	</div>
</div><div class="row text-left fresh-content">
			<div class="col-md-2 text-center">
				<img alt="ikona" class="ico" src="https://allegro.stati.pl/AllegroIMG/SZABLON/ICONS/procesor.svg"></div>
			<div class="col-md-10">
				<h2 class="text-left">
					Odkryj laptop ultramobilny Acer Swift 3 w 360 stopniach</h2>
				<p>
					Elegancja do pary z wygodą użytkowania? To właśnie oferuje ultramobilny laptop Acer Swift 3, który świetnie sprawdzi się zarówno jako narzędzie do pracy, jak i multimedialne centrum rozrywki, na którym zobaczysz kolejne sezony swoich ulubionych seriali. Do dyspozycji masz również inteligentne rozwiązania; na przykład czytnik linii papilarnych, za sprawą którego zalogujesz się do swojego Acer Swift 3 w mgnieniu oka. Smukła konstrukcja oraz waga zaledwie 1,46 kg pozwoli Ci zabrać go ze sobą wszędzie, gdzie zechcesz. Zaufaj mobilności bez kompromisów.</p>
				<p>
					Sprawdź, jak Acer Swift 3 wygląda w rzeczywistości. Chwyć zdjęcie poniżej i przeciągnij je w lewo lub prawo, aby obrócić produkt, lub skorzystaj z przycisków nawigacyjnych.</p>
				<div class="ov360">
					<div id="orbitvu">
						 </div>
				</div>
				<template><script type="text/javascript" src="https://blob.stati.pl/ov360/orbitvu12/swfobject.js">
</script></template><template><script type="text/javascript" src="https://blob.stati.pl/ov360/orbitvu12/orbitvu.js">
</script></template><template><script type="text/javascript">

        inject_orbitvu('orbitvu', 'https://blob.stati.pl/ov360/orbitvu12/orbitvuer12.swf', 'https://blob.stati.pl/ov360/orbitvu12/expressInstall.swf', {
            ovus_folder: "https://xkomstati.blob.core.windows.net/ov360/Systems/Acer/NX.H1SEP.001/",
            width: "100%",
            content2: 'yes',
            height: "100%"
        });
</script></template></div>
		</div><div class="row text-left fresh-content">
					<div class="col-md-2 text-center">
						<img alt="aluminiowa obudowa" class="ico" src="https://allegro.stati.pl/AllegroIMG/SZABLON/ICONS/aluminiowaobudowa.svg"></div>
					<div class="col-md-10">
						<h2 class="text-left">
							Swift 3<br>
							<small>Supercienki i wykonany z metalu</small></h2>
						<p>
							Aluminiowa obudowa jest przyjemna w dotyku i nadaje laptopowi osobowość. Swift 3 ma 18,6 mm grubości i waży 1,46 kg, dzięki czemu jest stylowy, smukły i łatwy w przenoszeniu.</p>
						<img alt="Acer Swift 3 cienki laptop" src="https://allegro.stati.pl/AllegroIMG/PRODUCENCI/ACER/Swift3/fresh/szary/a3.jpg"></div>
				</div><div class="row text-left fresh-content">
					<div class="col-md-2 text-center">
						<img alt="paletabarw" class="ico" src="https://allegro.stati.pl/AllegroIMG/SZABLON/ICONS/paletamalarska.svg"></div>
					<div class="col-md-10">
						<h2 class="text-left">
							Acer Color Intelligence™<br>
							<small>Matryca IPS</small></h2>
						<p>
							Technologia Acer Color Intelligence™ dynamicznie dostosowuje współczynnik gamma i saturację w czasie rzeczywistym, a także optymalizuje kolorystykę, jasność i nasycenie bez przycinania i nadmiernego nasycenia.</p>
						<p>
							Technologia IPS - Panel IPS zapewnia czytelny obraz pod kątem do 170° przy jednoczesnym zachowaniu tej samej, wysokiej jakości kolorów.</p>
						<img alt="Acer Swift 3 matryca ips" src="https://allegro.stati.pl/AllegroIMG/PRODUCENCI/ACER/Swift3/fresh/szary/a00.jpg"></div>
				</div><div class="row text-left fresh-content">
					<div class="col-md-2 text-center">
						<img alt="Czytnik linii papilarnych" class="ico" src="https://allegro.stati.pl/AllegroIMG/SZABLON/ICONS/bateria.svg"></div>
					<div class="col-md-10">
						<h2 class="text-left">
							Wydajna praca<br>
							<small>Do 12 godzin pracy na baterii</small></h2>
						<p>
							Swift 3 zapewnia do 12 godzin pracy na baterii, nie trzeba więc podłączać go do prądu podczas podróży z Dubaju do Hong Kongu i jeszcze przez kawałek drogi.</p>
						<img alt="Acer Swift 3 czytnik linii papilarnych" src="https://allegro.stati.pl/AllegroIMG/PRODUCENCI/ACER/Swift3/fresh/a5.jpg"></div>
				</div><div class="row text-left fresh-content">
					<div class="col-md-2 text-center">
						<img class="ico" src="https://allegro.stati.pl/AllegroIMG/SZABLON/ICONS/klip.svg"></div>
					<div class="col-md-10">
						<h2 class="text-left">
							Dokonaj najlepszego wyboru</h2>
						<p>
							Zobacz film ukazujący zalety i najdrobniejsze szczegóły laptopa Acer Swift 3*. Dowiedz się więcej i poznaj najważniejsze cechy, oglądając poniższy materiał wideo.</p>
						<div class="video-container" style="position:relative;padding-bottom:56.25%; background: none; margin: 30px 0 40px 0;height:0;overflow:hidden;border-radius: 30px">
							<div class="embed-responsive embed-responsive-16by9">
								<iframe class="embed-responsive-item" src="https://www.youtube.com/embed/gztTdZhNXv8?rel=0&amp;controls=0&amp;showinfo=0" style="position:absolute;top:0;left:0;width:100%;height:100%;border:none;"></iframe></div>
						</div>
						<p style="font-size: 11px;">
							*Specyfikacja może się różnić w zależności od modelu i/lub regionu.</p>
					</div>
				</div>","https://cdn.x-kom.pl/i/setup/images/prod/big/product-new-big,,2018/4/pr_2018_4_19_14_51_44_212_00.jpg",https://www.x-kom.pl/p/496080-notebook-laptop-141-acer-swift-3-i5-8265u-8gb-512-win10-srebrny-ips.html